canonical_id,method_en,method_es,method_pt_br,method_zh_cn,method_zh_tw
espresso-icoffee,Espresso,Espresso,Espresso,意式浓缩,義式濃縮咖啡
cold-brew-icoffee,Cold Brew,Cold Brew,Cold Brew,冷萃,冷萃
moka-icoffee,Moka Pot,Cafetera Moka,Cafeteira Italiana,摩卡壶,摩卡壺
aeropress-inverted-icoffee,AeroPress (Inverted),AeroPress (invertido),AeroPress (invertido),倒置爱乐压,倒置 AeroPress
aeropress-standard-icoffee,AeroPress,AeroPress,AeroPress,爱乐压,AeroPress
french-press-icoffee,French Press,Prensa Francesa,Prensa Francesa,法式压滤壶,法式濾壓壺
siphon-vacuum-icoffee,Siphon,Sifón,Sifão,虹吸壶,虹吸壺
japanese-iced-coffee-icoffee,Japanese Iced Coffee,Café Helado Japonés,Café Gelado Japonês,日式冰咖啡,日式冰咖啡
v60-icoffee,V60,V60,V60,V60,V60
